{
  "hash": "d07498a2",
  "configHash": "05948093",
  "lockfileHash": "77275364",
  "browserHash": "eb9d05de",
  "optimized": {
    "@angular/common": {
      "src": "../../../../../../node_modules/@angular/common/fesm2022/common.mjs",
      "file": "@angular_common.js",
      "fileHash": "b98f1fa7",
      "needsInterop": false
    },
    "@angular/common/http": {
      "src": "../../../../../../node_modules/@angular/common/fesm2022/http.mjs",
      "file": "@angular_common_http.js",
      "fileHash": "155c30ac",
      "needsInterop": false
    },
    "@angular/core": {
      "src": "../../../../../../node_modules/@angular/core/fesm2022/core.mjs",
      "file": "@angular_core.js",
      "fileHash": "82535be6",
      "needsInterop": false
    },
    "@angular/platform-browser": {
      "src": "../../../../../../node_modules/@angular/platform-browser/fesm2022/platform-browser.mjs",
      "file": "@angular_platform-browser.js",
      "fileHash": "61f3142b",
      "needsInterop": false
    },
    "@angular/router": {
      "src": "../../../../../../node_modules/@angular/router/fesm2022/router.mjs",
      "file": "@angular_router.js",
      "fileHash": "65adfa1d",
      "needsInterop": false
    },
    "@auth0/angular-jwt": {
      "src": "../../../../../../node_modules/@auth0/angular-jwt/fesm2020/auth0-angular-jwt.mjs",
      "file": "@auth0_angular-jwt.js",
      "fileHash": "4a010f35",
      "needsInterop": false
    },
    "@angular/forms": {
      "src": "../../../../../../node_modules/@angular/forms/fesm2022/forms.mjs",
      "file": "@angular_forms.js",
      "fileHash": "4e88f337",
      "needsInterop": false
    }
  },
  "chunks": {
    "chunk-BXX3AIYT": {
      "file": "chunk-BXX3AIYT.js"
    },
    "chunk-FE7KMD64": {
      "file": "chunk-FE7KMD64.js"
    },
    "chunk-ZCU5MUHG": {
      "file": "chunk-ZCU5MUHG.js"
    },
    "chunk-J2JPVRMB": {
      "file": "chunk-J2JPVRMB.js"
    },
    "chunk-NJ4CSD6C": {
      "file": "chunk-NJ4CSD6C.js"
    }
  }
}